Episode,Score,Average Score,Best Score,Epsilon,Steps
0,45.96433637719762,45.96433637719762,45.96433637719762,1.0,16
1,12.436452099088562,29.20039423814309,45.96433637719762,1.0,20
2,6.112611458951757,21.504466645079315,45.96433637719762,1.0,22
3,20.69931677722348,21.303179178115357,45.96433637719762,1.0,29
