Episode,Score,AverageScore,BestScore,Epsilon,Steps,TerminalState

1,4.19851254635806,4.19851254635806,4.19851254635806,1.0,2,1

2,4.306364217777262,4.252438382067661,4.252438382067661,1.0,4,1

3,23.17449835732116,10.55979170715216,10.55979170715216,1.0,12,1

4,5.916346787454549,9.398930477227758,10.55979170715216,1.0,15,1

4,12.33800613450257,9.667601226900514,10,1.0,20,1

5,17.236515452619372,10.929086931186992,10.929086931186992,1.0,26,1

